session_id,play_id,camera_slot,camera_name,camera_target,video_type,azure_blob,azure_md5,cloudinary_url,cloudinary_public_id,uploaded_at
7d1748cb-c279-4549-b124-8d6820b496de,30354b83-5df6-4815-b6d9-8345ee85b33b,VideoClip2,ManualCamera,ManualUpload,ManualVideo,NA,NA,https://res.cloudinary.com/pitchingcoachu/video/upload/v1768973029/0_vewhaa.mov,0_vewhaa,2026-01-21 05:23:51
b3bafb0d-0ab0-4ffd-ab7a-67d28e02355c,08bcac38-5d45-4937-8127-40b3d4287a32,VideoClip,iPad,,iPhoneVideos,Plays/08bcac38-5d45-4937-8127-40b3d4287a32/iPhone/139c4fb7-438f-4432-898c-b3fd21a256b0.mov,Zbc7/TzgWVgJv/qXxC0kaA==,https://res.cloudinary.com/pitchingcoachu/video/upload/v1769657512/trackman/b3bafb0d-0ab0-4ffd-ab7a-67d28e02355c/VideoClip/08bcac38-5d4.mov,trackman/b3bafb0d-0ab0-4ffd-ab7a-67d28e02355c/VideoClip/08bcac38-5d4,2026-01-29T13:00:32Z
b3bafb0d-0ab0-4ffd-ab7a-67d28e02355c,0cd7ac05-75cd-4516-8741-6421331c848d,VideoClip,iPad,,iPhoneVideos,Plays/0cd7ac05-75cd-4516-8741-6421331c848d/iPhone/9ba21277-ab40-4c35-a4e3-8504c8dbd72e.mov,UbxjTKDR603F42W6pt+osA==,https://res.cloudinary.com/pitchingcoachu/video/upload/v1769657513/trackman/b3bafb0d-0ab0-4ffd-ab7a-67d28e02355c/VideoClip/0cd7ac05-75c.mov,trackman/b3bafb0d-0ab0-4ffd-ab7a-67d28e02355c/VideoClip/0cd7ac05-75c,2026-01-29T13:00:32Z
b3bafb0d-0ab0-4ffd-ab7a-67d28e02355c,14ed67db-500b-4221-a461-88569c998ca9,VideoClip,iPad,,iPhoneVideos,Plays/14ed67db-500b-4221-a461-88569c998ca9/iPhone/122ac39e-a7d5-49a1-8433-5a04306e5c67.mov,zJNu9V95aX2+CMvjrIuF0Q==,https://res.cloudinary.com/pitchingcoachu/video/upload/v1769657514/trackman/b3bafb0d-0ab0-4ffd-ab7a-67d28e02355c/VideoClip/14ed67db-500.mov,trackman/b3bafb0d-0ab0-4ffd-ab7a-67d28e02355c/VideoClip/14ed67db-500,2026-01-29T13:00:32Z
b3bafb0d-0ab0-4ffd-ab7a-67d28e02355c,1581f75a-a631-455a-ac45-4ce53ee2be49,VideoClip,iPad,,iPhoneVideos,Plays/1581f75a-a631-455a-ac45-4ce53ee2be49/iPhone/3661d08d-2d96-463c-a5fd-199af10281aa.mov,DPdncqWnDtFe68juKuUjTQ==,https://res.cloudinary.com/pitchingcoachu/video/upload/v1769657515/trackman/b3bafb0d-0ab0-4ffd-ab7a-67d28e02355c/VideoClip/1581f75a-a63.mov,trackman/b3bafb0d-0ab0-4ffd-ab7a-67d28e02355c/VideoClip/1581f75a-a63,2026-01-29T13:00:33Z
b3bafb0d-0ab0-4ffd-ab7a-67d28e02355c,16bd8836-47f3-4ae3-95e7-f1b097be385b,VideoClip2,iPad,,iPhoneVideos,Plays/16bd8836-47f3-4ae3-95e7-f1b097be385b/iPhone/f6e602b8-7da1-4b05-a31b-e75995c7cccd.mov,s0z6gTMjTFJzqlRrWbXbJQ==,https://res.cloudinary.com/pitchingcoachu/video/upload/v1769657516/trackman/b3bafb0d-0ab0-4ffd-ab7a-67d28e02355c/VideoClip2/16bd8836-47f.mov,trackman/b3bafb0d-0ab0-4ffd-ab7a-67d28e02355c/VideoClip2/16bd8836-47f,2026-01-29T13:00:33Z
b3bafb0d-0ab0-4ffd-ab7a-67d28e02355c,1882c9c7-5ba1-4647-9e97-06214f5ae964,VideoClip,iPad,,iPhoneVideos,Plays/1882c9c7-5ba1-4647-9e97-06214f5ae964/iPhone/47e4c22a-4e2b-4c40-bc5a-6b2a773f0934.mov,ZkMvj8meuUoUCWT0A0soVg==,https://res.cloudinary.com/pitchingcoachu/video/upload/v1769657517/trackman/b3bafb0d-0ab0-4ffd-ab7a-67d28e02355c/VideoClip/1882c9c7-5ba.mov,trackman/b3bafb0d-0ab0-4ffd-ab7a-67d28e02355c/VideoClip/1882c9c7-5ba,2026-01-29T13:00:33Z
b3bafb0d-0ab0-4ffd-ab7a-67d28e02355c,1dd23e74-7d47-4400-b1fe-e6b68cd8f4a7,VideoClip,iPad,,iPhoneVideos,Plays/1dd23e74-7d47-4400-b1fe-e6b68cd8f4a7/iPhone/ee3286a9-462d-4946-8552-48aca7663e7d.mov,SfqOifIzd4Q0vDHlEkpWRA==,https://res.cloudinary.com/pitchingcoachu/video/upload/v1769657518/trackman/b3bafb0d-0ab0-4ffd-ab7a-67d28e02355c/VideoClip/1dd23e74-7d4.mov,trackman/b3bafb0d-0ab0-4ffd-ab7a-67d28e02355c/VideoClip/1dd23e74-7d4,2026-01-29T13:00:34Z
b3bafb0d-0ab0-4ffd-ab7a-67d28e02355c,20f12d38-5bdc-4b1a-8b47-7a5b48d055c0,VideoClip,iPad,,iPhoneVideos,Plays/20f12d38-5bdc-4b1a-8b47-7a5b48d055c0/iPhone/e25a028a-80d1-4562-98bf-ad8fc03fee2a.mov,iLcxirSd5H8gOqIdmkIIUw==,https://res.cloudinary.com/pitchingcoachu/video/upload/v1769657519/trackman/b3bafb0d-0ab0-4ffd-ab7a-67d28e02355c/VideoClip/20f12d38-5bd.mov,trackman/b3bafb0d-0ab0-4ffd-ab7a-67d28e02355c/VideoClip/20f12d38-5bd,2026-01-29T13:00:34Z
b3bafb0d-0ab0-4ffd-ab7a-67d28e02355c,211cc17e-8b42-45fa-b3a5-caad8190f9ff,VideoClip,iPad,,iPhoneVideos,Plays/211cc17e-8b42-45fa-b3a5-caad8190f9ff/iPhone/5eac924f-bd37-442f-8d42-5d65ca177a79.mov,5d9n+3IRcC5escNNViy+8A==,https://res.cloudinary.com/pitchingcoachu/video/upload/v1769657520/trackman/b3bafb0d-0ab0-4ffd-ab7a-67d28e02355c/VideoClip/211cc17e-8b4.mov,trackman/b3bafb0d-0ab0-4ffd-ab7a-67d28e02355c/VideoClip/211cc17e-8b4,2026-01-29T13:00:34Z
b3bafb0d-0ab0-4ffd-ab7a-67d28e02355c,216d6157-00b5-4b15-9e9a-042a70ed9a2b,VideoClip,iPad,,iPhoneVideos,Plays/216d6157-00b5-4b15-9e9a-042a70ed9a2b/iPhone/29adafd0-0a68-4303-bdd5-ae93aaf7fbcb.mov,NPkxVdzZvI+Law/+mGCEOQ==,https://res.cloudinary.com/pitchingcoachu/video/upload/v1769657521/trackman/b3bafb0d-0ab0-4ffd-ab7a-67d28e02355c/VideoClip/216d6157-00b.mov,trackman/b3bafb0d-0ab0-4ffd-ab7a-67d28e02355c/VideoClip/216d6157-00b,2026-01-29T13:00:35Z
b3bafb0d-0ab0-4ffd-ab7a-67d28e02355c,2b629a92-574c-4bf3-a6a4-cd87a4353ab3,VideoClip,iPad,,iPhoneVideos,Plays/2b629a92-574c-4bf3-a6a4-cd87a4353ab3/iPhone/44a7d4e6-418c-4e29-b10b-0496440c3708.mov,YfHVWlg8dtjtSCEntVBa5A==,https://res.cloudinary.com/pitchingcoachu/video/upload/v1769657522/trackman/b3bafb0d-0ab0-4ffd-ab7a-67d28e02355c/VideoClip/2b629a92-574.mov,trackman/b3bafb0d-0ab0-4ffd-ab7a-67d28e02355c/VideoClip/2b629a92-574,2026-01-29T13:00:35Z
b3bafb0d-0ab0-4ffd-ab7a-67d28e02355c,2c5082b3-5836-4d03-8bee-0a6281e06fa0,VideoClip,iPad,,iPhoneVideos,Plays/2c5082b3-5836-4d03-8bee-0a6281e06fa0/iPhone/94ee5640-853a-4507-b0e2-7e91822608b5.mov,dfQlWExDPtfMWTylu1JDGg==,https://res.cloudinary.com/pitchingcoachu/video/upload/v1769657523/trackman/b3bafb0d-0ab0-4ffd-ab7a-67d28e02355c/VideoClip/2c5082b3-583.mov,trackman/b3bafb0d-0ab0-4ffd-ab7a-67d28e02355c/VideoClip/2c5082b3-583,2026-01-29T13:00:35Z
b3bafb0d-0ab0-4ffd-ab7a-67d28e02355c,30ded7de-1394-4a57-872b-d95e4894d019,VideoClip3,iPad,,iPhoneVideos,Plays/30ded7de-1394-4a57-872b-d95e4894d019/iPhone/63b47813-f96b-4df1-bf83-fe2b52dd71d3.mov,E1EuNyo5TQPJWCNRm6bj2w==,https://res.cloudinary.com/pitchingcoachu/video/upload/v1769657532/trackman/b3bafb0d-0ab0-4ffd-ab7a-67d28e02355c/VideoClip3/30ded7de-139.mov,trackman/b3bafb0d-0ab0-4ffd-ab7a-67d28e02355c/VideoClip3/30ded7de-139,2026-01-29T13:00:36Z
b3bafb0d-0ab0-4ffd-ab7a-67d28e02355c,32e3d2a7-7fdb-4dca-817f-d174a207b1e7,VideoClip,iPad,,iPhoneVideos,Plays/32e3d2a7-7fdb-4dca-817f-d174a207b1e7/iPhone/43987c0e-b9e5-42fb-9a63-de5dc403f4dc.mov,kVFufKYFZx0SeSYcoKxrZw==,https://res.cloudinary.com/pitchingcoachu/video/upload/v1769657533/trackman/b3bafb0d-0ab0-4ffd-ab7a-67d28e02355c/VideoClip/32e3d2a7-7fd.mov,trackman/b3bafb0d-0ab0-4ffd-ab7a-67d28e02355c/VideoClip/32e3d2a7-7fd,2026-01-29T13:00:37Z
b3bafb0d-0ab0-4ffd-ab7a-67d28e02355c,3afa7d3a-0eac-4b3e-8152-4812f4eee2d4,VideoClip2,iPad,,iPhoneVideos,Plays/3afa7d3a-0eac-4b3e-8152-4812f4eee2d4/iPhone/c8aeafe6-21bb-4897-8712-05b0c0e555f9.mov,REw22nKl3MDFFYNZx4t2Vg==,https://res.cloudinary.com/pitchingcoachu/video/upload/v1769657535/trackman/b3bafb0d-0ab0-4ffd-ab7a-67d28e02355c/VideoClip2/3afa7d3a-0ea.mov,trackman/b3bafb0d-0ab0-4ffd-ab7a-67d28e02355c/VideoClip2/3afa7d3a-0ea,2026-01-29T13:00:37Z
b3bafb0d-0ab0-4ffd-ab7a-67d28e02355c,3dbedf8e-8b59-4e8e-a837-6d49e6f34179,VideoClip,iPad,,iPhoneVideos,Plays/3dbedf8e-8b59-4e8e-a837-6d49e6f34179/iPhone/fa385d56-d388-4a91-b8a8-78ae5105cd8d.mov,eehwzO6stcP2c8UX7BNByA==,https://res.cloudinary.com/pitchingcoachu/video/upload/v1769657536/trackman/b3bafb0d-0ab0-4ffd-ab7a-67d28e02355c/VideoClip/3dbedf8e-8b5.mov,trackman/b3bafb0d-0ab0-4ffd-ab7a-67d28e02355c/VideoClip/3dbedf8e-8b5,2026-01-29T13:00:37Z
b3bafb0d-0ab0-4ffd-ab7a-67d28e02355c,40862181-ed28-47c9-b8ea-80cdb59117d9,VideoClip,iPad,,iPhoneVideos,Plays/40862181-ed28-47c9-b8ea-80cdb59117d9/iPhone/5a8d4644-0e81-4828-81c4-bb981085fdbc.mov,5b7Su8dIGyykYy1WoxEpPQ==,https://res.cloudinary.com/pitchingcoachu/video/upload/v1769657537/trackman/b3bafb0d-0ab0-4ffd-ab7a-67d28e02355c/VideoClip/40862181-ed2.mov,trackman/b3bafb0d-0ab0-4ffd-ab7a-67d28e02355c/VideoClip/40862181-ed2,2026-01-29T13:00:37Z
b3bafb0d-0ab0-4ffd-ab7a-67d28e02355c,40cccc97-c205-459a-b04f-2fd3187086f9,VideoClip,iPad,,iPhoneVideos,Plays/40cccc97-c205-459a-b04f-2fd3187086f9/iPhone/086c4725-3a9c-4ea6-a14a-1f1ca7a9be0b.mov,VvKXGCakrLe1c6g30ohn/A==,https://res.cloudinary.com/pitchingcoachu/video/upload/v1769657537/trackman/b3bafb0d-0ab0-4ffd-ab7a-67d28e02355c/VideoClip/40cccc97-c20.mov,trackman/b3bafb0d-0ab0-4ffd-ab7a-67d28e02355c/VideoClip/40cccc97-c20,2026-01-29T13:00:37Z
b3bafb0d-0ab0-4ffd-ab7a-67d28e02355c,40f12486-6596-4cfb-b39a-38c498a8927f,VideoClip3,iPad,,iPhoneVideos,Plays/40f12486-6596-4cfb-b39a-38c498a8927f/iPhone/d6f4fe44-be32-47fb-92c0-5fcfe3b57cd4.mov,EXQLJhbZtN+jsP7BWIw6XQ==,https://res.cloudinary.com/pitchingcoachu/video/upload/v1769657538/trackman/b3bafb0d-0ab0-4ffd-ab7a-67d28e02355c/VideoClip3/40f12486-659.mov,trackman/b3bafb0d-0ab0-4ffd-ab7a-67d28e02355c/VideoClip3/40f12486-659,2026-01-29T13:00:38Z
b3bafb0d-0ab0-4ffd-ab7a-67d28e02355c,40fcf8d1-676b-4c08-86ee-f76e9ceb880e,VideoClip3,iPad,,iPhoneVideos,Plays/40fcf8d1-676b-4c08-86ee-f76e9ceb880e/iPhone/140b1ff8-7ea2-4a09-9a3b-9924c483a865.mov,WlEwU1N7J8bFMQ+CGJ3a1w==,https://res.cloudinary.com/pitchingcoachu/video/upload/v1769657539/trackman/b3bafb0d-0ab0-4ffd-ab7a-67d28e02355c/VideoClip3/40fcf8d1-676.mov,trackman/b3bafb0d-0ab0-4ffd-ab7a-67d28e02355c/VideoClip3/40fcf8d1-676,2026-01-29T13:00:38Z
b3bafb0d-0ab0-4ffd-ab7a-67d28e02355c,4447665e-50f4-4c9c-b074-58dd7d56f0a7,VideoClip,iPad,,iPhoneVideos,Plays/4447665e-50f4-4c9c-b074-58dd7d56f0a7/iPhone/1960ea72-36d1-46e0-ba4a-1e1ebc92072f.mov,MZfeIVTw1MXaOs8siRufag==,https://res.cloudinary.com/pitchingcoachu/video/upload/v1769657540/trackman/b3bafb0d-0ab0-4ffd-ab7a-67d28e02355c/VideoClip/4447665e-50f.mov,trackman/b3bafb0d-0ab0-4ffd-ab7a-67d28e02355c/VideoClip/4447665e-50f,2026-01-29T13:00:38Z
b3bafb0d-0ab0-4ffd-ab7a-67d28e02355c,50f4c16d-a15e-4dae-a43d-8b1a1daa3fee,VideoClip,iPad,,iPhoneVideos,Plays/50f4c16d-a15e-4dae-a43d-8b1a1daa3fee/iPhone/e5d4b52f-db62-4172-a9c0-936a997376b8.mov,Xk5mNQAERHKH1D9lfqxISA==,https://res.cloudinary.com/pitchingcoachu/video/upload/v1769657541/trackman/b3bafb0d-0ab0-4ffd-ab7a-67d28e02355c/VideoClip/50f4c16d-a15.mov,trackman/b3bafb0d-0ab0-4ffd-ab7a-67d28e02355c/VideoClip/50f4c16d-a15,2026-01-29T13:00:39Z
b3bafb0d-0ab0-4ffd-ab7a-67d28e02355c,522d7d38-c8f9-4d9a-be3e-abc4b5ef24de,VideoClip,iPad,,iPhoneVideos,Plays/522d7d38-c8f9-4d9a-be3e-abc4b5ef24de/iPhone/6d4cdf19-15b4-4d4d-ae07-6b65aea935ba.mov,fSiyj4KTTFYM+F8BwaXrNQ==,https://res.cloudinary.com/pitchingcoachu/video/upload/v1769657542/trackman/b3bafb0d-0ab0-4ffd-ab7a-67d28e02355c/VideoClip/522d7d38-c8f.mov,trackman/b3bafb0d-0ab0-4ffd-ab7a-67d28e02355c/VideoClip/522d7d38-c8f,2026-01-29T13:00:39Z
b3bafb0d-0ab0-4ffd-ab7a-67d28e02355c,52f01cc5-712b-4b28-910e-1fc043ba141b,VideoClip2,iPad,,iPhoneVideos,Plays/52f01cc5-712b-4b28-910e-1fc043ba141b/iPhone/d5a6c957-7d99-480b-abc4-2d95aea9b6b0.mov,ix6yggWffuuNk3C2ZiBXiw==,https://res.cloudinary.com/pitchingcoachu/video/upload/v1769657542/trackman/b3bafb0d-0ab0-4ffd-ab7a-67d28e02355c/VideoClip2/52f01cc5-712.mov,trackman/b3bafb0d-0ab0-4ffd-ab7a-67d28e02355c/VideoClip2/52f01cc5-712,2026-01-29T13:00:39Z
b3bafb0d-0ab0-4ffd-ab7a-67d28e02355c,5599bbac-374c-44f6-8763-61a351cff714,VideoClip,iPad,,iPhoneVideos,Plays/5599bbac-374c-44f6-8763-61a351cff714/iPhone/6d20a594-2fb8-47d7-b225-b162039c0d82.mov,lVeFzcHAt+ulpjxiSuidGQ==,https://res.cloudinary.com/pitchingcoachu/video/upload/v1769657543/trackman/b3bafb0d-0ab0-4ffd-ab7a-67d28e02355c/VideoClip/5599bbac-374.mov,trackman/b3bafb0d-0ab0-4ffd-ab7a-67d28e02355c/VideoClip/5599bbac-374,2026-01-29T13:00:39Z
b3bafb0d-0ab0-4ffd-ab7a-67d28e02355c,56d9f747-2e60-424e-b08b-94954fc817ae,VideoClip,iPad,,iPhoneVideos,Plays/56d9f747-2e60-424e-b08b-94954fc817ae/iPhone/580bae9f-7c77-4e07-9b35-516445c810d8.mov,fMZ8IFLALdGofiBS55pYRQ==,https://res.cloudinary.com/pitchingcoachu/video/upload/v1769657544/trackman/b3bafb0d-0ab0-4ffd-ab7a-67d28e02355c/VideoClip/56d9f747-2e6.mov,trackman/b3bafb0d-0ab0-4ffd-ab7a-67d28e02355c/VideoClip/56d9f747-2e6,2026-01-29T13:00:39Z
b3bafb0d-0ab0-4ffd-ab7a-67d28e02355c,57a09694-336a-47ce-85ad-ed757c620598,VideoClip,iPad,,iPhoneVideos,Plays/57a09694-336a-47ce-85ad-ed757c620598/iPhone/85e0a94c-8305-451e-aa75-e757466f8fe6.mov,8uxiGYzF6/9Lb7LrYTWzHQ==,https://res.cloudinary.com/pitchingcoachu/video/upload/v1769657545/trackman/b3bafb0d-0ab0-4ffd-ab7a-67d28e02355c/VideoClip/57a09694-336.mov,trackman/b3bafb0d-0ab0-4ffd-ab7a-67d28e02355c/VideoClip/57a09694-336,2026-01-29T13:00:40Z
b3bafb0d-0ab0-4ffd-ab7a-67d28e02355c,59be7197-5020-46ba-9f68-48bd6168ec26,VideoClip,iPad,,iPhoneVideos,Plays/59be7197-5020-46ba-9f68-48bd6168ec26/iPhone/0baa5de1-0511-4988-b724-223f0fcf67c6.mov,aYwThAWuRMui3LgGCm9Zfw==,https://res.cloudinary.com/pitchingcoachu/video/upload/v1769657546/trackman/b3bafb0d-0ab0-4ffd-ab7a-67d28e02355c/VideoClip/59be7197-502.mov,trackman/b3bafb0d-0ab0-4ffd-ab7a-67d28e02355c/VideoClip/59be7197-502,2026-01-29T13:00:40Z
b3bafb0d-0ab0-4ffd-ab7a-67d28e02355c,5f736003-6bbf-46c4-8bfd-c0b1e370058f,VideoClip,iPad,,iPhoneVideos,Plays/5f736003-6bbf-46c4-8bfd-c0b1e370058f/iPhone/96bccc95-9c11-454e-a346-04bbe8502d42.mov,hYcoH3eQXOUqmbpcLbv6SQ==,https://res.cloudinary.com/pitchingcoachu/video/upload/v1769657547/trackman/b3bafb0d-0ab0-4ffd-ab7a-67d28e02355c/VideoClip/5f736003-6bb.mov,trackman/b3bafb0d-0ab0-4ffd-ab7a-67d28e02355c/VideoClip/5f736003-6bb,2026-01-29T13:00:40Z
b3bafb0d-0ab0-4ffd-ab7a-67d28e02355c,63afcd57-b41b-4e26-be5c-51962e683c8f,VideoClip2,iPad,,iPhoneVideos,Plays/63afcd57-b41b-4e26-be5c-51962e683c8f/iPhone/139aba19-d88b-4ac3-929e-4dcfa1475de8.mov,2+MDLzFc0qXWr1aJI7mA5A==,https://res.cloudinary.com/pitchingcoachu/video/upload/v1769657548/trackman/b3bafb0d-0ab0-4ffd-ab7a-67d28e02355c/VideoClip2/63afcd57-b41.mov,trackman/b3bafb0d-0ab0-4ffd-ab7a-67d28e02355c/VideoClip2/63afcd57-b41,2026-01-29T13:00:40Z
b3bafb0d-0ab0-4ffd-ab7a-67d28e02355c,69003eaa-aea8-4d54-8a9e-b07b00f4cacc,VideoClip,iPad,,iPhoneVideos,Plays/69003eaa-aea8-4d54-8a9e-b07b00f4cacc/iPhone/e50a8b8a-c1cc-4733-907d-7e329e321aa0.mov,8FVyddQ7nPQMT8xqZqqdjg==,https://res.cloudinary.com/pitchingcoachu/video/upload/v1769657548/trackman/b3bafb0d-0ab0-4ffd-ab7a-67d28e02355c/VideoClip/69003eaa-aea.mov,trackman/b3bafb0d-0ab0-4ffd-ab7a-67d28e02355c/VideoClip/69003eaa-aea,2026-01-29T13:00:41Z
b3bafb0d-0ab0-4ffd-ab7a-67d28e02355c,6901169a-e71b-4cf6-a56f-366b74a402bd,VideoClip2,iPad,,iPhoneVideos,Plays/6901169a-e71b-4cf6-a56f-366b74a402bd/iPhone/6c0984fa-b5a0-4eb9-a46c-8dcf729e233b.mov,5hpC+2u2WDv/vHGnFZEuIA==,https://res.cloudinary.com/pitchingcoachu/video/upload/v1769657549/trackman/b3bafb0d-0ab0-4ffd-ab7a-67d28e02355c/VideoClip2/6901169a-e71.mov,trackman/b3bafb0d-0ab0-4ffd-ab7a-67d28e02355c/VideoClip2/6901169a-e71,2026-01-29T13:00:41Z
b3bafb0d-0ab0-4ffd-ab7a-67d28e02355c,6de6056e-ff41-4a92-a3b3-d849fecf5189,VideoClip3,iPad,,iPhoneVideos,Plays/6de6056e-ff41-4a92-a3b3-d849fecf5189/iPhone/fa1088c5-4d25-4438-b254-f102acabdd94.mov,N6RSicnVn/ylyhBunRcR1A==,https://res.cloudinary.com/pitchingcoachu/video/upload/v1769657550/trackman/b3bafb0d-0ab0-4ffd-ab7a-67d28e02355c/VideoClip3/6de6056e-ff4.mov,trackman/b3bafb0d-0ab0-4ffd-ab7a-67d28e02355c/VideoClip3/6de6056e-ff4,2026-01-29T13:00:42Z
b3bafb0d-0ab0-4ffd-ab7a-67d28e02355c,7b43ce3d-d047-4d9f-aa5b-b9e70083b513,VideoClip3,iPad,,iPhoneVideos,Plays/7b43ce3d-d047-4d9f-aa5b-b9e70083b513/iPhone/123db5c8-7384-4223-b95b-3d7d07f66c26.mov,mCr4oMMLu8EjmUfSUGh5ZQ==,https://res.cloudinary.com/pitchingcoachu/video/upload/v1769657551/trackman/b3bafb0d-0ab0-4ffd-ab7a-67d28e02355c/VideoClip3/7b43ce3d-d04.mov,trackman/b3bafb0d-0ab0-4ffd-ab7a-67d28e02355c/VideoClip3/7b43ce3d-d04,2026-01-29T13:00:42Z
b3bafb0d-0ab0-4ffd-ab7a-67d28e02355c,7f56eedb-9ec0-4c88-8e46-b1f00f492e3a,VideoClip,iPad,,iPhoneVideos,Plays/7f56eedb-9ec0-4c88-8e46-b1f00f492e3a/iPhone/ff0c467a-6ad4-4bdf-9424-e824fb756074.mov,uFdD4Wj8j++e5lZVSI5YFw==,https://res.cloudinary.com/pitchingcoachu/video/upload/v1769657552/trackman/b3bafb0d-0ab0-4ffd-ab7a-67d28e02355c/VideoClip/7f56eedb-9ec.mov,trackman/b3bafb0d-0ab0-4ffd-ab7a-67d28e02355c/VideoClip/7f56eedb-9ec,2026-01-29T13:00:42Z
b3bafb0d-0ab0-4ffd-ab7a-67d28e02355c,81fe855e-22c4-47e2-a738-4ab693501182,VideoClip3,iPad,,iPhoneVideos,Plays/81fe855e-22c4-47e2-a738-4ab693501182/iPhone/34c7828e-0810-486e-9f48-2a08883b4d5a.mov,HSAMuS//SJyTDk+ml4z5Aw==,https://res.cloudinary.com/pitchingcoachu/video/upload/v1769657553/trackman/b3bafb0d-0ab0-4ffd-ab7a-67d28e02355c/VideoClip3/81fe855e-22c.mov,trackman/b3bafb0d-0ab0-4ffd-ab7a-67d28e02355c/VideoClip3/81fe855e-22c,2026-01-29T13:00:43Z
b3bafb0d-0ab0-4ffd-ab7a-67d28e02355c,8241f34d-9d73-42f8-9303-b5f124534860,VideoClip3,iPad,,iPhoneVideos,Plays/8241f34d-9d73-42f8-9303-b5f124534860/iPhone/40568150-2951-43b3-a282-54ff3f5d24b4.mov,ax2CRMBZaF0tU/7tzN8xnQ==,https://res.cloudinary.com/pitchingcoachu/video/upload/v1769657554/trackman/b3bafb0d-0ab0-4ffd-ab7a-67d28e02355c/VideoClip3/8241f34d-9d7.mov,trackman/b3bafb0d-0ab0-4ffd-ab7a-67d28e02355c/VideoClip3/8241f34d-9d7,2026-01-29T13:00:43Z
b3bafb0d-0ab0-4ffd-ab7a-67d28e02355c,8e892adb-05f2-473c-9b10-71d78803c3a7,VideoClip,iPad,,iPhoneVideos,Plays/8e892adb-05f2-473c-9b10-71d78803c3a7/iPhone/5f9f4ddd-16e2-4b31-94a0-c7e4fca0e848.mov,xs84YZpJ2mWHii1JWjN3+A==,https://res.cloudinary.com/pitchingcoachu/video/upload/v1769657555/trackman/b3bafb0d-0ab0-4ffd-ab7a-67d28e02355c/VideoClip/8e892adb-05f.mov,trackman/b3bafb0d-0ab0-4ffd-ab7a-67d28e02355c/VideoClip/8e892adb-05f,2026-01-29T13:00:43Z
b3bafb0d-0ab0-4ffd-ab7a-67d28e02355c,9893a3d6-f791-4a1c-b03c-a1a435d47bf8,VideoClip,iPad,,iPhoneVideos,Plays/9893a3d6-f791-4a1c-b03c-a1a435d47bf8/iPhone/8f0b2e82-8cc5-4f5d-b9e0-172a5adc2b3c.mov,cjtYstPQGeHoYxnt8sIFIg==,https://res.cloudinary.com/pitchingcoachu/video/upload/v1769657557/trackman/b3bafb0d-0ab0-4ffd-ab7a-67d28e02355c/VideoClip/9893a3d6-f79.mov,trackman/b3bafb0d-0ab0-4ffd-ab7a-67d28e02355c/VideoClip/9893a3d6-f79,2026-01-29T13:00:43Z
b3bafb0d-0ab0-4ffd-ab7a-67d28e02355c,9a03a3a8-7a7c-44d6-b841-b5db24495e0b,VideoClip,iPad,,iPhoneVideos,Plays/9a03a3a8-7a7c-44d6-b841-b5db24495e0b/iPhone/2a9ee241-8bfe-4df7-afb4-75ea3adb26a6.mov,a2fv++htN7t1Vb7OKcq3HQ==,https://res.cloudinary.com/pitchingcoachu/video/upload/v1769657558/trackman/b3bafb0d-0ab0-4ffd-ab7a-67d28e02355c/VideoClip/9a03a3a8-7a7.mov,trackman/b3bafb0d-0ab0-4ffd-ab7a-67d28e02355c/VideoClip/9a03a3a8-7a7,2026-01-29T13:00:44Z
b3bafb0d-0ab0-4ffd-ab7a-67d28e02355c,9fd192a1-6ba1-44f1-b77a-9529283f77f7,VideoClip,iPad,,iPhoneVideos,Plays/9fd192a1-6ba1-44f1-b77a-9529283f77f7/iPhone/12b577ec-a5cf-4b7f-a534-b4846e069a3f.mov,0VzQb/fmQq1yHAchBgbiOQ==,https://res.cloudinary.com/pitchingcoachu/video/upload/v1769657559/trackman/b3bafb0d-0ab0-4ffd-ab7a-67d28e02355c/VideoClip/9fd192a1-6ba.mov,trackman/b3bafb0d-0ab0-4ffd-ab7a-67d28e02355c/VideoClip/9fd192a1-6ba,2026-01-29T13:00:44Z
b3bafb0d-0ab0-4ffd-ab7a-67d28e02355c,a1291fe1-157a-4d98-8145-d858798b9bad,VideoClip,iPad,,iPhoneVideos,Plays/a1291fe1-157a-4d98-8145-d858798b9bad/iPhone/a115af56-5e60-43c2-881c-f4e606c31334.mov,b+qi+w4F8QS3o/+SmbE9kQ==,https://res.cloudinary.com/pitchingcoachu/video/upload/v1769657560/trackman/b3bafb0d-0ab0-4ffd-ab7a-67d28e02355c/VideoClip/a1291fe1-157.mov,trackman/b3bafb0d-0ab0-4ffd-ab7a-67d28e02355c/VideoClip/a1291fe1-157,2026-01-29T13:00:44Z
b3bafb0d-0ab0-4ffd-ab7a-67d28e02355c,a4716bf8-8b09-4658-bcd4-9c39b47d1605,VideoClip,iPad,,iPhoneVideos,Plays/a4716bf8-8b09-4658-bcd4-9c39b47d1605/iPhone/acc3e1d9-e730-40a2-82ef-b1459895cbf6.mov,SfWMVI//Q0McybsLKbw9rw==,https://res.cloudinary.com/pitchingcoachu/video/upload/v1769657561/trackman/b3bafb0d-0ab0-4ffd-ab7a-67d28e02355c/VideoClip/a4716bf8-8b0.mov,trackman/b3bafb0d-0ab0-4ffd-ab7a-67d28e02355c/VideoClip/a4716bf8-8b0,2026-01-29T13:00:44Z
b3bafb0d-0ab0-4ffd-ab7a-67d28e02355c,a510c325-d133-4522-8f9b-a07eaf1d005c,VideoClip,iPad,,iPhoneVideos,Plays/a510c325-d133-4522-8f9b-a07eaf1d005c/iPhone/95f424f5-117f-4f69-b4cf-24656458d26e.mov,08ER0QFsgxAl0z0qwiN6pA==,https://res.cloudinary.com/pitchingcoachu/video/upload/v1769657562/trackman/b3bafb0d-0ab0-4ffd-ab7a-67d28e02355c/VideoClip/a510c325-d13.mov,trackman/b3bafb0d-0ab0-4ffd-ab7a-67d28e02355c/VideoClip/a510c325-d13,2026-01-29T13:00:45Z
b3bafb0d-0ab0-4ffd-ab7a-67d28e02355c,ade95e58-891c-4560-9088-9a3f446be25f,VideoClip,iPad,,iPhoneVideos,Plays/ade95e58-891c-4560-9088-9a3f446be25f/iPhone/e4df6555-ac88-44e6-9ec2-2b82c132c4a0.mov,ycCa4DGcBiN5PyhEvoG9Pg==,https://res.cloudinary.com/pitchingcoachu/video/upload/v1769657563/trackman/b3bafb0d-0ab0-4ffd-ab7a-67d28e02355c/VideoClip/ade95e58-891.mov,trackman/b3bafb0d-0ab0-4ffd-ab7a-67d28e02355c/VideoClip/ade95e58-891,2026-01-29T13:00:45Z
b3bafb0d-0ab0-4ffd-ab7a-67d28e02355c,b09d2e04-5a66-4f45-96aa-9c703dd70819,VideoClip,iPad,,iPhoneVideos,Plays/b09d2e04-5a66-4f45-96aa-9c703dd70819/iPhone/642cfa09-a020-4736-984e-cc72006aa929.mov,BQzCiQbJtOhA4P/1X6X3Ww==,https://res.cloudinary.com/pitchingcoachu/video/upload/v1769657563/trackman/b3bafb0d-0ab0-4ffd-ab7a-67d28e02355c/VideoClip/b09d2e04-5a6.mov,trackman/b3bafb0d-0ab0-4ffd-ab7a-67d28e02355c/VideoClip/b09d2e04-5a6,2026-01-29T13:00:45Z
b3bafb0d-0ab0-4ffd-ab7a-67d28e02355c,b543e871-d1fc-499f-8d1e-2d09616e8bb2,VideoClip,iPad,,iPhoneVideos,Plays/b543e871-d1fc-499f-8d1e-2d09616e8bb2/iPhone/4d5b6845-7888-45f9-9584-d9a8288f23ff.mov,qtASUEOrZG8YftWkO5ASYA==,https://res.cloudinary.com/pitchingcoachu/video/upload/v1769657564/trackman/b3bafb0d-0ab0-4ffd-ab7a-67d28e02355c/VideoClip/b543e871-d1f.mov,trackman/b3bafb0d-0ab0-4ffd-ab7a-67d28e02355c/VideoClip/b543e871-d1f,2026-01-29T13:00:46Z
b3bafb0d-0ab0-4ffd-ab7a-67d28e02355c,b62e7dfa-1124-4a89-9a6a-18716c9fd18d,VideoClip2,iPad,,iPhoneVideos,Plays/b62e7dfa-1124-4a89-9a6a-18716c9fd18d/iPhone/7b67c25f-11b3-4a39-bbcb-b589b2df8607.mov,tVZ1MpMh9Fl7Y0mcgT2aZw==,https://res.cloudinary.com/pitchingcoachu/video/upload/v1769657565/trackman/b3bafb0d-0ab0-4ffd-ab7a-67d28e02355c/VideoClip2/b62e7dfa-112.mov,trackman/b3bafb0d-0ab0-4ffd-ab7a-67d28e02355c/VideoClip2/b62e7dfa-112,2026-01-29T13:00:47Z
b3bafb0d-0ab0-4ffd-ab7a-67d28e02355c,b7114809-08b9-4ec8-a022-bb0722683dda,VideoClip,iPad,,iPhoneVideos,Plays/b7114809-08b9-4ec8-a022-bb0722683dda/iPhone/50162cdc-8af6-466e-a6f1-7989845db9b0.mov,3bu1yaxgk7Qzg4lGs+d6Qg==,https://res.cloudinary.com/pitchingcoachu/video/upload/v1769657566/trackman/b3bafb0d-0ab0-4ffd-ab7a-67d28e02355c/VideoClip/b7114809-08b.mov,trackman/b3bafb0d-0ab0-4ffd-ab7a-67d28e02355c/VideoClip/b7114809-08b,2026-01-29T13:00:47Z
b3bafb0d-0ab0-4ffd-ab7a-67d28e02355c,c16c4847-8938-4d5e-b065-b81280468b24,VideoClip,iPad,,iPhoneVideos,Plays/c16c4847-8938-4d5e-b065-b81280468b24/iPhone/427beb51-c029-4411-953f-983ecc53acee.mov,FbsZJotMCcNyuYLeAoiYMQ==,https://res.cloudinary.com/pitchingcoachu/video/upload/v1769657567/trackman/b3bafb0d-0ab0-4ffd-ab7a-67d28e02355c/VideoClip/c16c4847-893.mov,trackman/b3bafb0d-0ab0-4ffd-ab7a-67d28e02355c/VideoClip/c16c4847-893,2026-01-29T13:00:47Z
b3bafb0d-0ab0-4ffd-ab7a-67d28e02355c,d4d04dcc-ea41-494d-bdae-f3620c6fb168,VideoClip3,iPad,,iPhoneVideos,Plays/d4d04dcc-ea41-494d-bdae-f3620c6fb168/iPhone/a7ce93b3-725d-4d7d-8cb1-f5f77276bda6.mov,/Es+XEod1f3jpRBsc6455g==,https://res.cloudinary.com/pitchingcoachu/video/upload/v1769657569/trackman/b3bafb0d-0ab0-4ffd-ab7a-67d28e02355c/VideoClip3/d4d04dcc-ea4.mov,trackman/b3bafb0d-0ab0-4ffd-ab7a-67d28e02355c/VideoClip3/d4d04dcc-ea4,2026-01-29T13:00:49Z
b3bafb0d-0ab0-4ffd-ab7a-67d28e02355c,d594786e-197e-46cb-9cb8-a8fe72a76c2a,VideoClip,iPad,,iPhoneVideos,Plays/d594786e-197e-46cb-9cb8-a8fe72a76c2a/iPhone/34dea2bc-290b-4e6b-a20f-2e55f2393d7e.mov,VgaINhS4gjOsJgeTTIDdFg==,https://res.cloudinary.com/pitchingcoachu/video/upload/v1769657569/trackman/b3bafb0d-0ab0-4ffd-ab7a-67d28e02355c/VideoClip/d594786e-197.mov,trackman/b3bafb0d-0ab0-4ffd-ab7a-67d28e02355c/VideoClip/d594786e-197,2026-01-29T13:00:50Z
b3bafb0d-0ab0-4ffd-ab7a-67d28e02355c,d6e9461c-e3c7-49e9-bbcd-010913dcddb8,VideoClip3,iPad,,iPhoneVideos,Plays/d6e9461c-e3c7-49e9-bbcd-010913dcddb8/iPhone/ed560b00-f570-496d-bbb2-b66e313b3bad.mov,7xgALrZZWAYoScH2uGC2zQ==,https://res.cloudinary.com/pitchingcoachu/video/upload/v1769657570/trackman/b3bafb0d-0ab0-4ffd-ab7a-67d28e02355c/VideoClip3/d6e9461c-e3c.mov,trackman/b3bafb0d-0ab0-4ffd-ab7a-67d28e02355c/VideoClip3/d6e9461c-e3c,2026-01-29T13:00:50Z
b3bafb0d-0ab0-4ffd-ab7a-67d28e02355c,dd39ccf7-e2ce-474b-9881-2b9fb918a1c3,VideoClip,iPad,,iPhoneVideos,Plays/dd39ccf7-e2ce-474b-9881-2b9fb918a1c3/iPhone/d8b1ffdc-d32a-4032-9877-a691a58beb60.mov,fx26oeAXF6IDMZiM7DuxzA==,https://res.cloudinary.com/pitchingcoachu/video/upload/v1769657571/trackman/b3bafb0d-0ab0-4ffd-ab7a-67d28e02355c/VideoClip/dd39ccf7-e2c.mov,trackman/b3bafb0d-0ab0-4ffd-ab7a-67d28e02355c/VideoClip/dd39ccf7-e2c,2026-01-29T13:00:50Z
b3bafb0d-0ab0-4ffd-ab7a-67d28e02355c,e699544e-d44d-4526-bb6e-bf91de61202e,VideoClip,iPad,,iPhoneVideos,Plays/e699544e-d44d-4526-bb6e-bf91de61202e/iPhone/b8fb7ec6-c84d-49f5-8ef6-9e2294402bae.mov,wZW+afBXOnZSeoINvD352Q==,https://res.cloudinary.com/pitchingcoachu/video/upload/v1769657572/trackman/b3bafb0d-0ab0-4ffd-ab7a-67d28e02355c/VideoClip/e699544e-d44.mov,trackman/b3bafb0d-0ab0-4ffd-ab7a-67d28e02355c/VideoClip/e699544e-d44,2026-01-29T13:00:51Z
b3bafb0d-0ab0-4ffd-ab7a-67d28e02355c,e70fb978-31fb-46be-ab53-db43f4b9d783,VideoClip,iPad,,iPhoneVideos,Plays/e70fb978-31fb-46be-ab53-db43f4b9d783/iPhone/e6333ccd-d8aa-454b-82a2-6eee576d42cf.mov,N0CJJ3P02jBvh6Y2A9mSwQ==,https://res.cloudinary.com/pitchingcoachu/video/upload/v1769657573/trackman/b3bafb0d-0ab0-4ffd-ab7a-67d28e02355c/VideoClip/e70fb978-31f.mov,trackman/b3bafb0d-0ab0-4ffd-ab7a-67d28e02355c/VideoClip/e70fb978-31f,2026-01-29T13:00:51Z
b3bafb0d-0ab0-4ffd-ab7a-67d28e02355c,e9c79fc0-ed11-4ad5-8728-45778d9b6ab3,VideoClip,iPad,,iPhoneVideos,Plays/e9c79fc0-ed11-4ad5-8728-45778d9b6ab3/iPhone/801f2d92-8055-44d0-bd6f-0d764ec65941.mov,7ZRKtWWcYE1l2PcheNGntw==,https://res.cloudinary.com/pitchingcoachu/video/upload/v1769657575/trackman/b3bafb0d-0ab0-4ffd-ab7a-67d28e02355c/VideoClip/e9c79fc0-ed1.mov,trackman/b3bafb0d-0ab0-4ffd-ab7a-67d28e02355c/VideoClip/e9c79fc0-ed1,2026-01-29T13:00:51Z
b3bafb0d-0ab0-4ffd-ab7a-67d28e02355c,ee65a23a-9420-4f45-a67c-69bbcafc37b3,VideoClip,iPad,,iPhoneVideos,Plays/ee65a23a-9420-4f45-a67c-69bbcafc37b3/iPhone/48f4f885-0bf2-484b-97e7-339f925d28e8.mov,HmpjHjInvThNte525d8Vcg==,https://res.cloudinary.com/pitchingcoachu/video/upload/v1769657575/trackman/b3bafb0d-0ab0-4ffd-ab7a-67d28e02355c/VideoClip/ee65a23a-942.mov,trackman/b3bafb0d-0ab0-4ffd-ab7a-67d28e02355c/VideoClip/ee65a23a-942,2026-01-29T13:00:51Z
b3bafb0d-0ab0-4ffd-ab7a-67d28e02355c,f17887a4-9f65-4965-9739-507505f9d430,VideoClip,iPad,,iPhoneVideos,Plays/f17887a4-9f65-4965-9739-507505f9d430/iPhone/f224b125-c9ed-4a2f-aaf1-166b55e14013.mov,Ci5xylX6SXgk9N2usJUsGw==,https://res.cloudinary.com/pitchingcoachu/video/upload/v1769657577/trackman/b3bafb0d-0ab0-4ffd-ab7a-67d28e02355c/VideoClip/f17887a4-9f6.mov,trackman/b3bafb0d-0ab0-4ffd-ab7a-67d28e02355c/VideoClip/f17887a4-9f6,2026-01-29T13:00:51Z
b3bafb0d-0ab0-4ffd-ab7a-67d28e02355c,f4053f44-2b14-45af-a8d5-42eb1871c75f,VideoClip3,iPad,,iPhoneVideos,Plays/f4053f44-2b14-45af-a8d5-42eb1871c75f/iPhone/3ea5f221-84d0-4265-8b09-dac9f030683b.mov,4HkZwKnKor4BZmMr/XKzWg==,https://res.cloudinary.com/pitchingcoachu/video/upload/v1769657578/trackman/b3bafb0d-0ab0-4ffd-ab7a-67d28e02355c/VideoClip3/f4053f44-2b1.mov,trackman/b3bafb0d-0ab0-4ffd-ab7a-67d28e02355c/VideoClip3/f4053f44-2b1,2026-01-29T13:00:52Z
b3bafb0d-0ab0-4ffd-ab7a-67d28e02355c,f683c2c0-7971-405d-9fcb-b1a232da1f1f,VideoClip,iPad,,iPhoneVideos,Plays/f683c2c0-7971-405d-9fcb-b1a232da1f1f/iPhone/5aca3313-90c2-4e43-b9a4-de5ffd32f905.mov,RZ54N2R0qNCKAt8ddPnkJw==,https://res.cloudinary.com/pitchingcoachu/video/upload/v1769657579/trackman/b3bafb0d-0ab0-4ffd-ab7a-67d28e02355c/VideoClip/f683c2c0-797.mov,trackman/b3bafb0d-0ab0-4ffd-ab7a-67d28e02355c/VideoClip/f683c2c0-797,2026-01-29T13:00:52Z
b3bafb0d-0ab0-4ffd-ab7a-67d28e02355c,fd22172d-7987-4157-98fd-38fa1ea1de33,VideoClip,iPad,,iPhoneVideos,Plays/fd22172d-7987-4157-98fd-38fa1ea1de33/iPhone/1610f6f4-6761-4881-b34f-e8d9165e31a9.mov,ErFLn5NxC5YLgst/tgsQvw==,https://res.cloudinary.com/pitchingcoachu/video/upload/v1769657580/trackman/b3bafb0d-0ab0-4ffd-ab7a-67d28e02355c/VideoClip/fd22172d-798.mov,trackman/b3bafb0d-0ab0-4ffd-ab7a-67d28e02355c/VideoClip/fd22172d-798,2026-01-29T13:00:53Z
